text,label,notes,source_community
Sitting on fastballs didn't work for me; adjusting approach improved AVG.,reflective,,Homeplate
Another blown save — bullpen is trash this year.,blame_or_venting,,Homeplate
How should I approach bullpen sessions to build endurance?,help_seeking,,Homeplate
"Reflecting on last season, better pitch recognition was the key.",reflective,,Homeplate
Can't believe the manager left our starter in for 120 pitches.,blame_or_venting,,Homeplate
Looking for recommendations on protective gear for catchers,help_seeking,synthetic,Homeplate
Does anyone have drills for improving bat speed? Anyone else?,help_seeking,,Homeplate
Fans acting like they know everything from the cheap seats.,blame_or_venting,,Homeplate
Sick of the constant replay reviews slowing the game down.,blame_or_venting,,Homeplate
I learned to trust my mechanics during slump — results followed.,reflective,,Homeplate
Small mechanical tweak fixed my fielding range issues.,reflective,,Homeplate
Another blown save — bullpen is trash this year. Please help.,blame_or_venting,,Homeplate
I learned to trust my mechanics during slump — results followed.,reflective,,Homeplate
What gear do youth players really need for winter training?,help_seeking,,Homeplate
That ump cost us the game with a phantom strike call!,blame_or_venting,,Homeplate
Does anyone recommend programs for weightlifting for hitters?,help_seeking,,Homeplate
Tips for hitting off-speed better?,help_seeking,,Homeplate
What gear do youth players really need for winter training? Experienced players?,help_seeking,,Homeplate
Sick of the constant replay reviews slowing the game down.,blame_or_venting,,Homeplate
Sitting on fastballs didn't work for me; adjusting approach improved AVG.,reflective,,Homeplate
He swung at a hanger with two outs. Unbelievable.,blame_or_venting,,Homeplate
Looking for recommendations on protective gear for catchers,help_seeking,synthetic,Homeplate
Lost another close one because someone couldn't catch a popup.,blame_or_venting,,Homeplate
Which drills improve tracking breaking balls?,help_seeking,,Homeplate
Can't believe the manager left our starter in for 120 pitches.,blame_or_venting,,Homeplate
The coaching staff doesn't adjust — it's maddening. Please help.,blame_or_venting,,Homeplate
He swung at a hanger with two outs. Unbelievable. Thoughts?,blame_or_venting,,Homeplate
How do I stop choking with runners on base?,help_seeking,,Homeplate
What are good drills for infield footwork?,help_seeking,,Homeplate
Small mechanical tweak fixed my fielding range issues.,reflective,synthetic,Homeplate
Lost another close one because someone couldn't catch a popup.,blame_or_venting,synthetic,Homeplate
I used to chase pitches out of the zone; now I wait for my pitch.,reflective,,Homeplate
Another blown save — bullpen is trash this year.,blame_or_venting,,Homeplate
Sick of the constant replay reviews slowing the game down.,blame_or_venting,,Homeplate
Why do people warm up five minutes before game time? It's disrespectful.,blame_or_venting,,Homeplate
How to read a pitcher's release point?,help_seeking,,Homeplate
"Stepping back, my approach to practice was unfocused; small changes helped. Please help.",reflective,synthetic,Homeplate
Taking BP with situational reps changed how I approach games.,reflective,,Homeplate
How to read a pitcher's release point?,help_seeking,,Homeplate
How to read a pitcher's release point? Experienced players?,help_seeking,,Homeplate
Looking for recommendations on protective gear for catchers,help_seeking,,Homeplate
Sick of the constant replay reviews slowing the game down.,blame_or_venting,,Homeplate
"Stepping back, my approach to practice was unfocused; small changes helped. Please help.",reflective,,Homeplate
What drills help with soft hands on ground balls?,help_seeking,,Homeplate
"Reflecting on last season, better pitch recognition was the key.",reflective,,Homeplate
I used to chase pitches out of the zone; now I wait for my pitch. Please help.,reflective,,Homeplate
Sick of the constant replay reviews slowing the game down. Please help.,blame_or_venting,synthetic,Homeplate
How do I stop choking with runners on base?,help_seeking,,Homeplate
"After talking with my coach, I try to focus on finish not power. Anyone else?",reflective,,Homeplate
"Reflecting on last season, better pitch recognition was the key. Anyone else?",reflective,,Homeplate
Best way to practice situational hitting alone?,help_seeking,,Homeplate
I used to chase pitches out of the zone; now I wait for my pitch.,reflective,,Homeplate
Realized conditioning was the issue; extra sprints improved later innings. Please help.,reflective,,Homeplate
Small mechanical tweak fixed my fielding range issues.,reflective,,Homeplate
Been practicing shorter strides; my contact improved.,reflective,,Homeplate
Which drills improve tracking breaking balls?,help_seeking,synthetic,Homeplate
Does anyone have drills for improving bat speed? Thoughts?,help_seeking,,Homeplate
How should I approach bullpen sessions to build endurance?,help_seeking,,Homeplate
Can't believe the manager left our starter in for 120 pitches.,blame_or_venting,,Homeplate
Switched glove backhand technique and my throws are more accurate. Experienced players?,reflective,,Homeplate
How to read a pitcher's release point?,help_seeking,,Homeplate
I used to chase pitches out of the zone; now I wait for my pitch.,reflective,,Homeplate
I slowed my load and timing became more consistent.,reflective,,Homeplate
So tired of players who don't hustle getting roster spots.,blame_or_venting,,Homeplate
"After talking with my coach, I try to focus on finish not power. Thoughts?",reflective,,Homeplate
How do I stop choking with runners on base? Thoughts?,help_seeking,,Homeplate
Another blown save — bullpen is trash this year.,blame_or_venting,synthetic,Homeplate
My team always chokes in the ninth; it's infuriating.,blame_or_venting,synthetic,Homeplate
Any advice for recovering from a hamstring tweak?,help_seeking,,Homeplate
Any advice for recovering from a hamstring tweak?,help_seeking,,Homeplate
How do I stop choking with runners on base?,help_seeking,,Homeplate
What are good drills for infield footwork?,help_seeking,synthetic,Homeplate
Looking for recommendations on protective gear for catchers Please help.,help_seeking,,Homeplate
Small mechanical tweak fixed my fielding range issues.,reflective,synthetic,Homeplate
I realized I was pressing at the plate — slowed my swing and it helped.,reflective,,Homeplate
Sick of the constant replay reviews slowing the game down. Please help.,blame_or_venting,,Homeplate
What are good drills for infield footwork?,help_seeking,,Homeplate
Lost another close one because someone couldn't catch a popup. Anyone else?,blame_or_venting,,Homeplate
Been practicing shorter strides; my contact improved.,reflective,,Homeplate
How can I get my timing back after a long layoff? Experienced players?,help_seeking,,Homeplate
Why do people warm up five minutes before game time? It's disrespectful. Anyone else?,blame_or_venting,,Homeplate
How to read a pitcher's release point?,help_seeking,,Homeplate
What are good drills for infield footwork? Experienced players?,help_seeking,synthetic,Homeplate
Does anyone have drills for improving bat speed?,help_seeking,,Homeplate
My team always chokes in the ninth; it's infuriating.,blame_or_venting,,Homeplate
Does anyone have drills for improving bat speed?,help_seeking,,Homeplate
Lost another close one because someone couldn't catch a popup. Anyone else?,blame_or_venting,,Homeplate
Can't believe the manager left our starter in for 120 pitches.,blame_or_venting,,Homeplate
How to read a pitcher's release point?,help_seeking,,Homeplate
Fans acting like they know everything from the cheap seats.,blame_or_venting,,Homeplate
That ump cost us the game with a phantom strike call!,blame_or_venting,,Homeplate
Any advice for recovering from a hamstring tweak? Please help.,help_seeking,,Homeplate
The coaching staff doesn't adjust — it's maddening.,blame_or_venting,,Homeplate
I realized I was pressing at the plate — slowed my swing and it helped.,reflective,,Homeplate
"After talking with my coach, I try to focus on finish not power. Experienced players?",reflective,,Homeplate
What gear do youth players really need for winter training?,help_seeking,,Homeplate
Why do people warm up five minutes before game time? It's disrespectful.,blame_or_venting,,Homeplate
"Reflecting on last season, better pitch recognition was the key.",reflective,,Homeplate
"Reflecting on last season, better pitch recognition was the key. Experienced players?",reflective,synthetic,Homeplate
Another blown save — bullpen is trash this year.,blame_or_venting,,Homeplate
Taking BP with situational reps changed how I approach games. Experienced players?,reflective,,Homeplate
So tired of players who don't hustle getting roster spots.,blame_or_venting,,Homeplate
Fans acting like they know everything from the cheap seats.,blame_or_venting,synthetic,Homeplate
Tips for hitting off-speed better? Anyone else?,help_seeking,,Homeplate
Best way to practice situational hitting alone?,help_seeking,,Homeplate
Fans acting like they know everything from the cheap seats.,blame_or_venting,,Homeplate
How can I get my timing back after a long layoff? Experienced players?,help_seeking,,Homeplate
Why do people warm up five minutes before game time? It's disrespectful. Experienced players?,blame_or_venting,,Homeplate
He swung at a hanger with two outs. Unbelievable.,blame_or_venting,,Homeplate
What are good drills for infield footwork?,help_seeking,,Homeplate
How should I approach bullpen sessions to build endurance?,help_seeking,,Homeplate
That ump cost us the game with a phantom strike call!,blame_or_venting,,Homeplate
Fans acting like they know everything from the cheap seats.,blame_or_venting,synthetic,Homeplate
Best way to practice situational hitting alone?,help_seeking,,Homeplate
How do I stop choking with runners on base?,help_seeking,,Homeplate
How can I get my timing back after a long layoff? Thoughts?,help_seeking,,Homeplate
I learned to trust my mechanics during slump — results followed.,reflective,synthetic,Homeplate
How to mentally prepare for a big at-bat?,help_seeking,,Homeplate
How to mentally prepare for a big at-bat?,help_seeking,,Homeplate
I realized I was pressing at the plate — slowed my swing and it helped.,reflective,,Homeplate
I learned to trust my mechanics during slump — results followed.,reflective,,Homeplate
He swung at a hanger with two outs. Unbelievable. Experienced players?,blame_or_venting,,Homeplate
So tired of players who don't hustle getting roster spots. Please help.,blame_or_venting,,Homeplate
I slowed my load and timing became more consistent.,reflective,,Homeplate
Which drills improve tracking breaking balls?,help_seeking,,Homeplate
Another blown save — bullpen is trash this year.,blame_or_venting,,Homeplate
The coaching staff doesn't adjust — it's maddening.,blame_or_venting,,Homeplate
How to read a pitcher's release point?,help_seeking,,Homeplate
Lost another close one because someone couldn't catch a popup. Please help.,blame_or_venting,,Homeplate
What gear do youth players really need for winter training?,help_seeking,,Homeplate
I learned to trust my mechanics during slump — results followed. Experienced players?,reflective,,Homeplate
I used to chase pitches out of the zone; now I wait for my pitch. Anyone else?,reflective,,Homeplate
How do I stop choking with runners on base? Please help.,help_seeking,,Homeplate
How can I get my timing back after a long layoff?,help_seeking,,Homeplate
What drills help with soft hands on ground balls? Experienced players?,help_seeking,synthetic,Homeplate
How to read a pitcher's release point?,help_seeking,,Homeplate
The coaching staff doesn't adjust — it's maddening.,blame_or_venting,,Homeplate
"After talking with my coach, I try to focus on finish not power.",reflective,,Homeplate
Taking BP with situational reps changed how I approach games.,reflective,,Homeplate
So tired of players who don't hustle getting roster spots.,blame_or_venting,,Homeplate
Been practicing shorter strides; my contact improved.,reflective,,Homeplate
Why do people warm up five minutes before game time? It's disrespectful.,blame_or_venting,,Homeplate
Sitting on fastballs didn't work for me; adjusting approach improved AVG.,reflective,synthetic,Homeplate
Sitting on fastballs didn't work for me; adjusting approach improved AVG.,reflective,,Homeplate
My team always chokes in the ninth; it's infuriating.,blame_or_venting,,Homeplate
Sick of the constant replay reviews slowing the game down. Please help.,blame_or_venting,,Homeplate
Lost another close one because someone couldn't catch a popup.,blame_or_venting,,Homeplate
"After talking with my coach, I try to focus on finish not power.",reflective,,Homeplate
Taking BP with situational reps changed how I approach games.,reflective,,Homeplate
Why do people warm up five minutes before game time? It's disrespectful.,blame_or_venting,,Homeplate
I realized I was pressing at the plate — slowed my swing and it helped. Please help.,reflective,,Homeplate
Does anyone recommend programs for weightlifting for hitters?,help_seeking,,Homeplate
I learned to trust my mechanics during slump — results followed.,reflective,,Homeplate
Any advice for recovering from a hamstring tweak?,help_seeking,,Homeplate
Tips for hitting off-speed better? Thoughts?,help_seeking,,Homeplate
I used to chase pitches out of the zone; now I wait for my pitch.,reflective,,Homeplate
My team always chokes in the ninth; it's infuriating.,blame_or_venting,,Homeplate
Small mechanical tweak fixed my fielding range issues.,reflective,,Homeplate
My team always chokes in the ninth; it's infuriating. Experienced players?,blame_or_venting,,Homeplate
Fans acting like they know everything from the cheap seats.,blame_or_venting,synthetic,Homeplate
"Reflecting on last season, better pitch recognition was the key. Anyone else?",reflective,synthetic,Homeplate
I realized I was pressing at the plate — slowed my swing and it helped. Thoughts?,reflective,,Homeplate
What are good drills for infield footwork?,help_seeking,,Homeplate
How to read a pitcher's release point?,help_seeking,,Homeplate
How should I approach bullpen sessions to build endurance? Thoughts?,help_seeking,,Homeplate
Taking BP with situational reps changed how I approach games.,reflective,,Homeplate
What drills help with soft hands on ground balls?,help_seeking,,Homeplate
Why do people warm up five minutes before game time? It's disrespectful.,blame_or_venting,,Homeplate
I used to chase pitches out of the zone; now I wait for my pitch.,reflective,synthetic,Homeplate
He swung at a hanger with two outs. Unbelievable.,blame_or_venting,,Homeplate
Another blown save — bullpen is trash this year.,blame_or_venting,synthetic,Homeplate
I learned to trust my mechanics during slump — results followed.,reflective,,Homeplate
How to read a pitcher's release point?,help_seeking,synthetic,Homeplate
Switched glove backhand technique and my throws are more accurate.,reflective,,Homeplate
Best way to practice situational hitting alone? Experienced players?,help_seeking,,Homeplate
Switched glove backhand technique and my throws are more accurate.,reflective,,Homeplate
Tips for hitting off-speed better? Anyone else?,help_seeking,synthetic,Homeplate
"Reflecting on last season, better pitch recognition was the key. Anyone else?",reflective,,Homeplate
"Stepping back, my approach to practice was unfocused; small changes helped. Experienced players?",reflective,synthetic,Homeplate
What are good drills for infield footwork?,help_seeking,,Homeplate
I slowed my load and timing became more consistent. Anyone else?,reflective,,Homeplate
Small mechanical tweak fixed my fielding range issues.,reflective,synthetic,Homeplate
Fans acting like they know everything from the cheap seats.,blame_or_venting,,Homeplate
Fans acting like they know everything from the cheap seats.,blame_or_venting,,Homeplate
Why do people warm up five minutes before game time? It's disrespectful.,blame_or_venting,,Homeplate
Small mechanical tweak fixed my fielding range issues. Thoughts?,reflective,,Homeplate
Lost another close one because someone couldn't catch a popup.,blame_or_venting,,Homeplate
Small mechanical tweak fixed my fielding range issues. Please help.,reflective,synthetic,Homeplate
Small mechanical tweak fixed my fielding range issues.,reflective,,Homeplate
What gear do youth players really need for winter training?,help_seeking,,Homeplate
Tips for hitting off-speed better?,help_seeking,,Homeplate
I slowed my load and timing became more consistent.,reflective,,Homeplate
Been practicing shorter strides; my contact improved. Thoughts?,reflective,,Homeplate
Can't believe the manager left our starter in for 120 pitches.,blame_or_venting,,Homeplate
So tired of players who don't hustle getting roster spots. Anyone else?,blame_or_venting,,Homeplate
Sitting on fastballs didn't work for me; adjusting approach improved AVG. Thoughts?,reflective,,Homeplate
Been practicing shorter strides; my contact improved.,reflective,synthetic,Homeplate
Been practicing shorter strides; my contact improved.,reflective,,Homeplate
The coaching staff doesn't adjust — it's maddening.,blame_or_venting,,Homeplate
Another blown save — bullpen is trash this year. Please help.,blame_or_venting,,Homeplate
